{
  "plain flour": 0.001676,
  "brown sugar": 0.00287,
  "butter": 0.017385,
  "eggs": 0.005785,
  "baking powder": 0.0113,
  "baking soda": 0.00395,
  "cinnamon": 0.0133,
  "vanilla": 0.0135,
  "bananas": 0.00318,
  "golden syrup": 0.0033928571428571,
  "euro flour": 0.001812,
  "water": 1e-06,
  "salt": 0.000572,
  "olive oil blend": 0.00565,
  "starter": 0.00067,
  "yeast": 0.013,
  "malt syrup": 0.01509,
  "caster sugar": 0.002302,
  "milk choc chips": 0.0184666666666667,
  "spelt flour": 0.003996,
  "milk": 0.001953,
  "cream": 0.008162,
  "canola oil": 0.00298,
  "milk choc bits": 0.0184666666666667,
  "wholemeal spelt flour": 0.0046,
  "frozen raspberry": 0.0105,
  "white choc bits": 0.01191,
  "frozen croissant": 0.0088,
  "vegan fat": 0.025,
  "rasplum jam": 0.0043692307692308,
  "gelatin": 0.077,
  "almond meal": 0.0135,
  "cocoa powder": 0.036,
  "dark choc buttons": 0.00988,
  "white choc buttons": 0.01,
  "lemon juice": 0.0088,
  "castor sugar": 0.002302,
  "sourdough": 0.001440000000144,
  "vegemite": 0.02012,
  "cheese": 0.01241,
  "onion sliced": 0.00495,
  "crushed tomato": 0.0029246666666667,
  "apple cider vinegar": 0.00647,
  "ground cumin": 0.0238,
  "ground turmeric": 0.0102,
  "caramelized onion": 0.009355,
  "american mustard": 0.0091,
  "tomato relish": 0.00476,
  "pepperoni": 0.025,
  "chicken breast": 0.0085,
  "thyme": 0.01982
}