{
  "plain flour": 0.001676,
  "brown sugar": 0.00287,
  "butter": 0.017385,
  "eggs": 0.005785,
  "baking powder": 0.0113,
  "baking soda": 0.00395,
  "cinnamon": 0.0133,
  "vanilla": 0.0135,
  "bananas": 0.00318,
  "golden syrup": 0.0033928571428571,
  "euro flour": 0.001812,
  "water": 1e-06,
  "salt": 0.000572,
  "olive oil blend": 0.00565,
  "starter": 0.00067,
  "yeast": 0.013,
  "malt syrup": 0.01509,
  "caster sugar": 0.002302,
  "milk choc chips": 0.0184666666666667,
  "spelt flour": 0.003996,
  "milk": 0.001953,
  "cream": 0.008162,
  "canola oil": 0.00298,
  "milk choc bits": 0.0184666666666667
}