{
  "plain flour": 0.001676,
  "brown sugar": 0.00287,
  "butter": 0.017385,
  "eggs": 0.005785,
  "baking powder": 0.0113,
  "baking soda": 0.00395,
  "cinnamon": 0.0133,
  "vanilla": 0.0135,
  "bananas": 0.00318,
  "golden syrup": 0.0033928571428571,
  "euro flour": 0.001812,
  "water": 1e-06,
  "salt": 0.000572,
  "olive oil blend": 0.00565,
  "starter": 0.00067,
  "yeast": 0.013,
  "malt syrup": 0.01509,
  "caster sugar": 0.002302,
  "milk choc chips": 0.0184666666666667,
  "spelt flour": 0.003996,
  "milk": 0.001953,
  "cream": 0.008162,
  "canola oil": 0.00298,
  "milk choc bits": 0.0184666666666667,
  "wholemeal spelt flour": 0.0046,
  "frozen raspberry": 0.0105,
  "white choc bits": 0.01191,
  "frozen croissant": 0.0088,
  "vegan fat": 0.025,
  "rasplum jam": 0.0043692307692308,
  "gelatin": 0.077,
  "almond meal": 0.0135,
  "cocoa powder": 0.036,
  "dark choc buttons": 0.00988,
  "white choc buttons": 0.01,
  "lemon juice": 0.0088,
  "castor sugar": 0.002302,
  "sourdough": 0.001440000000144,
  "vegemite": 0.02012,
  "cheese": 0.01241,
  "onion sliced": 0.00495,
  "crushed tomato": 0.0029246666666667,
  "apple cider vinegar": 0.00647,
  "ground cumin": 0.0238,
  "ground turmeric": 0.0102,
  "caramelized onion": 0.009355,
  "american mustard": 0.0091,
  "tomato relish": 0.00476,
  "pepperoni": 0.025,
  "chicken breast": 0.0085,
  "thyme": 0.01982,
  "basil": 0.058,
  "pepper": 0.0265,
  "rocket": 0.0108,
  "garlic": 0.00895,
  "parsley": 0.01745,
  "sunflower seed": 0.0053,
  "parmesan": 0.02381,
  "jalapeno": 0.003889,
  "tomato sauce": 0.003072,
  "worcestershire sauce": 0.003975,
  "sweet mustard pickle": 0.009653,
  "honey": 0.0082625,
  "molasses": 0.0027,
  "pineapple juice": 0.00495,
  "liquid smoke": 0.0813559,
  "tamarind": 0.0154185,
  "smoked paprika": 0.023,
  "onion powder": 0.0145,
  "garlic powder": 0.0145,
  "turmeric powder": 0.0102,
  "dried oregano": 0.0141,
  "allspice": 0.031,
  "dried sage": 0.0189,
  "white pepper": 0.0265,
  "chilli flakes": 0.0162,
  "black pepper": 0.01865,
  "meat rub": 0.011305,
  "beef blade": 0.014,
  "diced chicken": 0.0105,
  "butter milk": 0.007,
  "cayenne pepper": 0.01595,
  "cajun spice": 0.0165,
  "dried thyme": 0.01982,
  "pepita seed": 0.01315,
  "sesame seed": 0.00705,
  "coriander seed": 0.013,
  "cumin seed": 0.0208,
  "fennel seed": 0.0134,
  "salt flakes": 0.01425,
  "puffed rice": 0.0224,
  "coconut flakes": 0.011,
  "quinoa": 0.014,
  "chia seed": 0.022,
  "currants": 0.0085,
  "blended oil": 0.00565,
  "maize flour": 0.003,
  "rice flour": 0.00242,
  "plant based mayo": 0.011345,
  "chipotle": 0.009642857,
  "100's and 1000's": 0.005929,
  "cinnamon donut": 0.003333,
  "fondant": 0.0046333333333333,
  "linseed": 0.005,
  "pepitas": 0.01315,
  "oats": 0.0024,
  "granola": 0.01172,
  "coconut desiccated": 0.0082,
  "rice bubbles": 0.010453488372093,
  "mushroom": 0.0105,
  "truffle oil": 0.05986,
  "gf flour": 0.00785,
  "royal blue": 0.0045,
  "grated parmesan": 0.02381,
  "tasty cheese": 0.01241,
  "chives": 0.07375,
  "gf breadcrumbs": 0.00533,
  "pumpkin": 0.00595,
  "dukkah": 0.01286,
  "rice wine vinegar": 0.0116111,
  "lemongrass": 0.0195,
  "peeled ginger": 0.045,
  "frozen lime juice": 0.00989,
  "korean chilli powder": 0.0197797,
  "soy bean paste": 0.01198,
  "maple syrup": 0.043918,
  "dates": 0.00325,
  "pickles": 0.00925
}